<?xml version="1.0" encoding="UTF-8" ?>
<!DOCTYPE mapper PUBLIC "-//mybatis.org//DTD Mapper 3.0//EN"
        "http://mybatis.org/dtd/mybatis-3-mapper.dtd" >
<mapper namespace="com.sky.mapper.SetmealDishMapper">


    <select id="getSetmealIdsByDishIds" resultType="java.lang.Long">
        select setmeal_id from setmeal_dish where dish_id in
                 <foreach collection="dishIds" item="dishId" separator="," open="(" close=")">
                     #{dishId}
                 </foreach>
    </select>



    <insert id="insert" parameterType="Setmeal" useGeneratedKeys="true" keyProperty="id">
        insert into setmeal
        (category_id, name, price, status, description, image, create_time, update_time, create_user, update_user)
        values (#{categoryId}, #{name}, #{price}, #{status}, #{description}, #{image}, #{createTime}, #{updateTime},
                #{createUser}, #{updateUser})
    </insert>




    <insert id="insertBatch" parameterType="list">
        insert into setmeal_dish
        (setmeal_id,dish_id,name,price,copies)
        values
        <foreach collection="setmealDishes" item="sd" separator=",">
            (#{sd.setmealId},#{sd.dishId},#{sd.name},#{sd.price},#{sd.copies})
        </foreach>
    </insert>
</mapper>
